suite,method,seed,metric,task,value,unit
baselines,mask_bbox,0,COCO/bbox/AP,,56.946022184778165,%
baselines,mask_bbox,0,COCO/bbox/AP50,,93.03217113720143,%
baselines,mask_bbox,0,COCO/bbox/AP75,,57.03672059144035,%
baselines,mask_bbox,0,COCO/segm/AP,,42.23928310403737,%
baselines,mask_bbox,0,COCO/segm/AP50,,85.95576430436942,%
baselines,mask_bbox,0,COCO/segm/AP75,,34.860425853395746,%
baselines,mask_bbox,0,detection/precision,segm,85.08771929824562,%
baselines,mask_bbox,0,detection/recall,segm,84.34782608695653,%
baselines,mask_bbox,0,detection/F1,segm,84.71615720524017,%
baselines,mask_bbox,0,detection/score_threshold,segm,0.7820492386817932,confidence
baselines,mask_bbox,0,image_presence/accuracy,,96.0,%
baselines,mask_bbox,0,image_presence/precision,,100.0,%
baselines,mask_bbox,0,image_presence/recall,,96.0,%
baselines,mask_bbox,0,image_presence/F1,,97.95918367346938,%
baselines,mask_bbox,1,COCO/bbox/AP,,54.114989603014784,%
baselines,mask_bbox,1,COCO/bbox/AP50,,89.05606189574132,%
baselines,mask_bbox,1,COCO/bbox/AP75,,58.00255611562889,%
baselines,mask_bbox,1,COCO/segm/AP,,42.77595239728786,%
baselines,mask_bbox,1,COCO/segm/AP50,,85.25821107540705,%
baselines,mask_bbox,1,COCO/segm/AP75,,37.03687157486062,%
baselines,mask_bbox,1,detection/precision,segm,73.46938775510205,%
baselines,mask_bbox,1,detection/recall,segm,93.91304347826087,%
baselines,mask_bbox,1,detection/F1,segm,82.44274809160305,%
baselines,mask_bbox,1,detection/score_threshold,segm,0.5944726467132568,confidence
baselines,mask_bbox,1,image_presence/accuracy,,100.0,%
baselines,mask_bbox,1,image_presence/precision,,100.0,%
baselines,mask_bbox,1,image_presence/recall,,100.0,%
baselines,mask_bbox,1,image_presence/F1,,100.0,%
baselines,mask_bbox,2,COCO/bbox/AP,,57.28781416000657,%
baselines,mask_bbox,2,COCO/bbox/AP50,,91.59294353416347,%
baselines,mask_bbox,2,COCO/bbox/AP75,,64.6266562162254,%
baselines,mask_bbox,2,COCO/segm/AP,,43.62453498922233,%
baselines,mask_bbox,2,COCO/segm/AP50,,87.19628622544604,%
baselines,mask_bbox,2,COCO/segm/AP75,,36.04044205025365,%
baselines,mask_bbox,2,detection/precision,segm,78.46153846153847,%
baselines,mask_bbox,2,detection/recall,segm,88.69565217391305,%
baselines,mask_bbox,2,detection/F1,segm,83.26530612244896,%
baselines,mask_bbox,2,detection/score_threshold,segm,0.6324097514152527,confidence
baselines,mask_bbox,2,image_presence/accuracy,,97.33333333333334,%
baselines,mask_bbox,2,image_presence/precision,,100.0,%
baselines,mask_bbox,2,image_presence/recall,,97.33333333333334,%
baselines,mask_bbox,2,image_presence/F1,,98.64864864864865,%
baselines,faster_bbox,0,COCO/bbox/AP,,52.334312604278885,%
baselines,faster_bbox,0,COCO/bbox/AP50,,86.52376505027706,%
baselines,faster_bbox,0,COCO/bbox/AP75,,55.780046968349986,%
baselines,faster_bbox,0,detection/precision,bbox,81.81818181818183,%
baselines,faster_bbox,0,detection/recall,bbox,86.08695652173914,%
baselines,faster_bbox,0,detection/F1,bbox,83.89830508474576,%
baselines,faster_bbox,0,detection/score_threshold,bbox,0.6616687774658203,confidence
baselines,faster_bbox,0,image_presence/accuracy,,97.33333333333334,%
baselines,faster_bbox,0,image_presence/precision,,100.0,%
baselines,faster_bbox,0,image_presence/recall,,97.33333333333334,%
baselines,faster_bbox,0,image_presence/F1,,98.64864864864865,%
baselines,faster_bbox,1,COCO/bbox/AP,,49.997859773673255,%
baselines,faster_bbox,1,COCO/bbox/AP50,,87.47136698005362,%
baselines,faster_bbox,1,COCO/bbox/AP75,,50.50066095407468,%
baselines,faster_bbox,1,detection/precision,bbox,85.08771929824562,%
baselines,faster_bbox,1,detection/recall,bbox,84.34782608695653,%
baselines,faster_bbox,1,detection/F1,bbox,84.71615720524017,%
baselines,faster_bbox,1,detection/score_threshold,bbox,0.8303365707397461,confidence
baselines,faster_bbox,1,image_presence/accuracy,,96.0,%
baselines,faster_bbox,1,image_presence/precision,,100.0,%
baselines,faster_bbox,1,image_presence/recall,,96.0,%
baselines,faster_bbox,1,image_presence/F1,,97.95918367346938,%
baselines,faster_bbox,2,COCO/bbox/AP,,54.76339123439591,%
baselines,faster_bbox,2,COCO/bbox/AP50,,89.86407259177783,%
baselines,faster_bbox,2,COCO/bbox/AP75,,58.87021276328539,%
baselines,faster_bbox,2,detection/precision,bbox,81.9672131147541,%
baselines,faster_bbox,2,detection/recall,bbox,86.95652173913044,%
baselines,faster_bbox,2,detection/F1,bbox,84.38818565400844,%
baselines,faster_bbox,2,detection/score_threshold,bbox,0.7330857515335083,confidence
baselines,faster_bbox,2,image_presence/accuracy,,94.66666666666667,%
baselines,faster_bbox,2,image_presence/precision,,100.0,%
baselines,faster_bbox,2,image_presence/recall,,94.66666666666667,%
baselines,faster_bbox,2,image_presence/F1,,97.26027397260273,%
baselines,polygon_legacy,0,COCO/bbox/AP,,51.33375666676033,%
baselines,polygon_legacy,0,COCO/bbox/AP50,,86.24452615331303,%
baselines,polygon_legacy,0,COCO/bbox/AP75,,52.85566799506402,%
baselines,polygon_legacy,0,COCO/keypoints/AP,,0.004659289458357601,%
baselines,polygon_legacy,0,COCO/keypoints/AP50,,0.011648223645894,%
baselines,polygon_legacy,0,COCO/keypoints/AP75,,0.0,%
baselines,polygon_legacy,0,COCO/segm_polygon/AP,,14.906155321173491,%
baselines,polygon_legacy,0,COCO/segm_polygon/AP50,,53.624268365637484,%
baselines,polygon_legacy,0,COCO/segm_polygon/AP75,,1.9030920341038968,%
baselines,polygon_legacy,0,detection/precision,segm,62.727272727272734,%
baselines,polygon_legacy,0,detection/recall,segm,60.0,%
baselines,polygon_legacy,0,detection/F1,segm,61.33333333333334,%
baselines,polygon_legacy,0,detection/score_threshold,segm,0.8412753343582153,confidence
baselines,polygon_legacy,0,image_presence/accuracy,,94.66666666666667,%
baselines,polygon_legacy,0,image_presence/precision,,100.0,%
baselines,polygon_legacy,0,image_presence/recall,,94.66666666666667,%
baselines,polygon_legacy,0,image_presence/F1,,97.26027397260273,%
baselines,polygon_legacy,1,COCO/bbox/AP,,46.58251172379181,%
baselines,polygon_legacy,1,COCO/bbox/AP50,,82.92735638105124,%
baselines,polygon_legacy,1,COCO/bbox/AP75,,45.66285483289177,%
baselines,polygon_legacy,1,COCO/keypoints/AP,,0.001337971635001338,%
baselines,polygon_legacy,1,COCO/keypoints/AP50,,0.01337971635001338,%
baselines,polygon_legacy,1,COCO/keypoints/AP75,,0.0,%
baselines,polygon_legacy,1,COCO/segm_polygon/AP,,13.53348899229269,%
baselines,polygon_legacy,1,COCO/segm_polygon/AP50,,52.2401092833248,%
baselines,polygon_legacy,1,COCO/segm_polygon/AP75,,1.8652565254344076,%
baselines,polygon_legacy,1,detection/precision,segm,62.0,%
baselines,polygon_legacy,1,detection/recall,segm,53.91304347826087,%
baselines,polygon_legacy,1,detection/F1,segm,57.67441860465116,%
baselines,polygon_legacy,1,detection/score_threshold,segm,0.889954149723053,confidence
baselines,polygon_legacy,1,image_presence/accuracy,,90.66666666666666,%
baselines,polygon_legacy,1,image_presence/precision,,100.0,%
baselines,polygon_legacy,1,image_presence/recall,,90.66666666666666,%
baselines,polygon_legacy,1,image_presence/F1,,95.10489510489509,%
baselines,polygon_legacy,2,COCO/bbox/AP,,51.18930922066198,%
baselines,polygon_legacy,2,COCO/bbox/AP50,,84.84369791961373,%
baselines,polygon_legacy,2,COCO/bbox/AP75,,53.27238999124187,%
baselines,polygon_legacy,2,COCO/keypoints/AP,,0.003510168213842373,%
baselines,polygon_legacy,2,COCO/keypoints/AP50,,0.02224325343841087,%
baselines,polygon_legacy,2,COCO/keypoints/AP75,,0.0,%
baselines,polygon_legacy,2,COCO/segm_polygon/AP,,14.633892705486732,%
baselines,polygon_legacy,2,COCO/segm_polygon/AP50,,52.72560249751328,%
baselines,polygon_legacy,2,COCO/segm_polygon/AP75,,1.1258636649465203,%
baselines,polygon_legacy,2,detection/precision,segm,61.53846153846154,%
baselines,polygon_legacy,2,detection/recall,segm,62.60869565217392,%
baselines,polygon_legacy,2,detection/F1,segm,62.068965517241395,%
baselines,polygon_legacy,2,detection/score_threshold,segm,0.8450801968574524,confidence
baselines,polygon_legacy,2,image_presence/accuracy,,96.0,%
baselines,polygon_legacy,2,image_presence/precision,,100.0,%
baselines,polygon_legacy,2,image_presence/recall,,96.0,%
baselines,polygon_legacy,2,image_presence/F1,,97.95918367346938,%
baselines,yolo11n_bbox,0,COCO/bbox/AP,,54.72467760560434,%
baselines,yolo11n_bbox,0,COCO/bbox/AP50,,87.05232044573464,%
baselines,yolo11n_bbox,0,COCO/bbox/AP75,,57.55755697838717,%
baselines,yolo11n_bbox,0,detection/precision,bbox,81.66666666666667,%
baselines,yolo11n_bbox,0,detection/recall,bbox,85.21739130434783,%
baselines,yolo11n_bbox,0,detection/F1,bbox,83.40425531914893,%
baselines,yolo11n_bbox,0,detection/score_threshold,bbox,0.41429856419563293,confidence
baselines,yolo11n_bbox,0,image_presence/accuracy,,97.33333333333334,%
baselines,yolo11n_bbox,0,image_presence/precision,,100.0,%
baselines,yolo11n_bbox,0,image_presence/recall,,97.33333333333334,%
baselines,yolo11n_bbox,0,image_presence/F1,,98.64864864864865,%
baselines,yolo11n_bbox,1,COCO/bbox/AP,,56.505738135860895,%
baselines,yolo11n_bbox,1,COCO/bbox/AP50,,85.8380646600248,%
baselines,yolo11n_bbox,1,COCO/bbox/AP75,,58.165749522951685,%
baselines,yolo11n_bbox,1,detection/precision,bbox,80.50847457627118,%
baselines,yolo11n_bbox,1,detection/recall,bbox,82.6086956521739,%
baselines,yolo11n_bbox,1,detection/F1,bbox,81.54506437768241,%
baselines,yolo11n_bbox,1,detection/score_threshold,bbox,0.39149636030197144,confidence
baselines,yolo11n_bbox,1,image_presence/accuracy,,98.66666666666667,%
baselines,yolo11n_bbox,1,image_presence/precision,,100.0,%
baselines,yolo11n_bbox,1,image_presence/recall,,98.66666666666667,%
baselines,yolo11n_bbox,1,image_presence/F1,,99.32885906040269,%
baselines,yolo11n_bbox,2,COCO/bbox/AP,,56.35633924744982,%
baselines,yolo11n_bbox,2,COCO/bbox/AP50,,82.89304424199474,%
baselines,yolo11n_bbox,2,COCO/bbox/AP75,,62.446572789597745,%
baselines,yolo11n_bbox,2,detection/precision,bbox,75.42372881355932,%
baselines,yolo11n_bbox,2,detection/recall,bbox,77.39130434782608,%
baselines,yolo11n_bbox,2,detection/F1,bbox,76.39484978540771,%
baselines,yolo11n_bbox,2,detection/score_threshold,bbox,0.34415537118911743,confidence
baselines,yolo11n_bbox,2,image_presence/accuracy,,96.0,%
baselines,yolo11n_bbox,2,image_presence/precision,,100.0,%
baselines,yolo11n_bbox,2,image_presence/recall,,96.0,%
baselines,yolo11n_bbox,2,image_presence/F1,,97.95918367346938,%
polygon_ablations,polygon_center_vertex,0,COCO/bbox/AP,,50.74911097601592,%
polygon_ablations,polygon_center_vertex,0,COCO/bbox/AP50,,86.03409974946136,%
polygon_ablations,polygon_center_vertex,0,COCO/bbox/AP75,,49.87776531638215,%
polygon_ablations,polygon_center_vertex,0,COCO/keypoints/AP,,0.0033753375337533752,%
polygon_ablations,polygon_center_vertex,0,COCO/keypoints/AP50,,0.011251125112511253,%
polygon_ablations,polygon_center_vertex,0,COCO/keypoints/AP75,,0.0,%
polygon_ablations,polygon_center_vertex,0,COCO/segm_polygon/AP,,14.602657256001859,%
polygon_ablations,polygon_center_vertex,0,COCO/segm_polygon/AP50,,51.52430321878113,%
polygon_ablations,polygon_center_vertex,0,COCO/segm_polygon/AP75,,1.5159600739226475,%
polygon_ablations,polygon_center_vertex,0,detection/precision,segm,63.0,%
polygon_ablations,polygon_center_vertex,0,detection/recall,segm,54.78260869565217,%
polygon_ablations,polygon_center_vertex,0,detection/F1,segm,58.6046511627907,%
polygon_ablations,polygon_center_vertex,0,detection/score_threshold,segm,0.8636647462844849,confidence
polygon_ablations,polygon_center_vertex,0,image_presence/accuracy,,90.66666666666666,%
polygon_ablations,polygon_center_vertex,0,image_presence/precision,,100.0,%
polygon_ablations,polygon_center_vertex,0,image_presence/recall,,90.66666666666666,%
polygon_ablations,polygon_center_vertex,0,image_presence/F1,,95.10489510489509,%
polygon_ablations,polygon_center_vertex,1,COCO/bbox/AP,,46.2421907038515,%
polygon_ablations,polygon_center_vertex,1,COCO/bbox/AP50,,82.96422701772099,%
polygon_ablations,polygon_center_vertex,1,COCO/bbox/AP75,,44.50199757736258,%
polygon_ablations,polygon_center_vertex,1,COCO/keypoints/AP,,0.0014144271570014145,%
polygon_ablations,polygon_center_vertex,1,COCO/keypoints/AP50,,0.014144271570014143,%
polygon_ablations,polygon_center_vertex,1,COCO/keypoints/AP75,,0.0,%
polygon_ablations,polygon_center_vertex,1,COCO/segm_polygon/AP,,13.632243285367066,%
polygon_ablations,polygon_center_vertex,1,COCO/segm_polygon/AP50,,48.87600564806075,%
polygon_ablations,polygon_center_vertex,1,COCO/segm_polygon/AP75,,1.326954105617941,%
polygon_ablations,polygon_center_vertex,1,detection/precision,segm,58.333333333333336,%
polygon_ablations,polygon_center_vertex,1,detection/recall,segm,54.78260869565217,%
polygon_ablations,polygon_center_vertex,1,detection/F1,segm,56.502242152466366,%
polygon_ablations,polygon_center_vertex,1,detection/score_threshold,segm,0.8683673739433289,confidence
polygon_ablations,polygon_center_vertex,1,image_presence/accuracy,,93.33333333333333,%
polygon_ablations,polygon_center_vertex,1,image_presence/precision,,100.0,%
polygon_ablations,polygon_center_vertex,1,image_presence/recall,,93.33333333333333,%
polygon_ablations,polygon_center_vertex,1,image_presence/F1,,96.55172413793103,%
polygon_ablations,polygon_center_vertex,2,COCO/bbox/AP,,51.34723807289194,%
polygon_ablations,polygon_center_vertex,2,COCO/bbox/AP50,,83.69805262877267,%
polygon_ablations,polygon_center_vertex,2,COCO/bbox/AP75,,51.97180941187077,%
polygon_ablations,polygon_center_vertex,2,COCO/keypoints/AP,,0.004706799793903441,%
polygon_ablations,polygon_center_vertex,2,COCO/keypoints/AP50,,0.021333778947515005,%
polygon_ablations,polygon_center_vertex,2,COCO/keypoints/AP75,,0.0,%
polygon_ablations,polygon_center_vertex,2,COCO/segm_polygon/AP,,15.648645840907829,%
polygon_ablations,polygon_center_vertex,2,COCO/segm_polygon/AP50,,56.09369876336825,%
polygon_ablations,polygon_center_vertex,2,COCO/segm_polygon/AP75,,2.1400857738701475,%
polygon_ablations,polygon_center_vertex,2,detection/precision,segm,64.60176991150442,%
polygon_ablations,polygon_center_vertex,2,detection/recall,segm,63.47826086956522,%
polygon_ablations,polygon_center_vertex,2,detection/F1,segm,64.03508771929825,%
polygon_ablations,polygon_center_vertex,2,detection/score_threshold,segm,0.865308940410614,confidence
polygon_ablations,polygon_center_vertex,2,image_presence/accuracy,,94.66666666666667,%
polygon_ablations,polygon_center_vertex,2,image_presence/precision,,100.0,%
polygon_ablations,polygon_center_vertex,2,image_presence/recall,,94.66666666666667,%
polygon_ablations,polygon_center_vertex,2,image_presence/F1,,97.26027397260273,%
polygon_ablations,polygon_struct_vertex,0,COCO/bbox/AP,,51.39133623597617,%
polygon_ablations,polygon_struct_vertex,0,COCO/bbox/AP50,,85.08158171214029,%
polygon_ablations,polygon_struct_vertex,0,COCO/bbox/AP75,,55.59312011603681,%
polygon_ablations,polygon_struct_vertex,0,COCO/keypoints/AP,,0.23805878476489845,%
polygon_ablations,polygon_struct_vertex,0,COCO/keypoints/AP50,,1.312212192879207,%
polygon_ablations,polygon_struct_vertex,0,COCO/keypoints/AP75,,0.0,%
polygon_ablations,polygon_struct_vertex,0,COCO/segm_polygon/AP,,20.25830635001611,%
polygon_ablations,polygon_struct_vertex,0,COCO/segm_polygon/AP50,,60.50297758524435,%
polygon_ablations,polygon_struct_vertex,0,COCO/segm_polygon/AP75,,3.3402318083512297,%
polygon_ablations,polygon_struct_vertex,0,detection/precision,segm,62.096774193548384,%
polygon_ablations,polygon_struct_vertex,0,detection/recall,segm,66.95652173913044,%
polygon_ablations,polygon_struct_vertex,0,detection/F1,segm,64.43514644351464,%
polygon_ablations,polygon_struct_vertex,0,detection/score_threshold,segm,0.8022758960723877,confidence
polygon_ablations,polygon_struct_vertex,0,image_presence/accuracy,,97.33333333333334,%
polygon_ablations,polygon_struct_vertex,0,image_presence/precision,,100.0,%
polygon_ablations,polygon_struct_vertex,0,image_presence/recall,,97.33333333333334,%
polygon_ablations,polygon_struct_vertex,0,image_presence/F1,,98.64864864864865,%
polygon_ablations,polygon_struct_vertex,1,COCO/bbox/AP,,50.45288925549111,%
polygon_ablations,polygon_struct_vertex,1,COCO/bbox/AP50,,84.83658586644086,%
polygon_ablations,polygon_struct_vertex,1,COCO/bbox/AP75,,51.80341399452493,%
polygon_ablations,polygon_struct_vertex,1,COCO/keypoints/AP,,0.12452399086062452,%
polygon_ablations,polygon_struct_vertex,1,COCO/keypoints/AP50,,0.5026656511805027,%
polygon_ablations,polygon_struct_vertex,1,COCO/keypoints/AP75,,0.0,%
polygon_ablations,polygon_struct_vertex,1,COCO/segm_polygon/AP,,18.195669513330877,%
polygon_ablations,polygon_struct_vertex,1,COCO/segm_polygon/AP50,,57.77098246645676,%
polygon_ablations,polygon_struct_vertex,1,COCO/segm_polygon/AP75,,1.537959540872,%
polygon_ablations,polygon_struct_vertex,1,detection/precision,segm,66.96428571428571,%
polygon_ablations,polygon_struct_vertex,1,detection/recall,segm,65.21739130434783,%
polygon_ablations,polygon_struct_vertex,1,detection/F1,segm,66.07929515418502,%
polygon_ablations,polygon_struct_vertex,1,detection/score_threshold,segm,0.91032475233078,confidence
polygon_ablations,polygon_struct_vertex,1,image_presence/accuracy,,92.0,%
polygon_ablations,polygon_struct_vertex,1,image_presence/precision,,100.0,%
polygon_ablations,polygon_struct_vertex,1,image_presence/recall,,92.0,%
polygon_ablations,polygon_struct_vertex,1,image_presence/F1,,95.83333333333334,%
polygon_ablations,polygon_struct_vertex,2,COCO/bbox/AP,,48.44909621205832,%
polygon_ablations,polygon_struct_vertex,2,COCO/bbox/AP50,,85.16621809613943,%
polygon_ablations,polygon_struct_vertex,2,COCO/bbox/AP75,,52.07863831072718,%
polygon_ablations,polygon_struct_vertex,2,COCO/keypoints/AP,,0.06939020226665223,%
polygon_ablations,polygon_struct_vertex,2,COCO/keypoints/AP50,,0.43388653415383593,%
polygon_ablations,polygon_struct_vertex,2,COCO/keypoints/AP75,,0.0,%
polygon_ablations,polygon_struct_vertex,2,COCO/segm_polygon/AP,,17.257350441694054,%
polygon_ablations,polygon_struct_vertex,2,COCO/segm_polygon/AP50,,55.65532945137866,%
polygon_ablations,polygon_struct_vertex,2,COCO/segm_polygon/AP75,,1.362011201120112,%
polygon_ablations,polygon_struct_vertex,2,detection/precision,segm,60.50420168067227,%
polygon_ablations,polygon_struct_vertex,2,detection/recall,segm,62.60869565217392,%
polygon_ablations,polygon_struct_vertex,2,detection/F1,segm,61.53846153846154,%
polygon_ablations,polygon_struct_vertex,2,detection/score_threshold,segm,0.794858992099762,confidence
polygon_ablations,polygon_struct_vertex,2,image_presence/accuracy,,93.33333333333333,%
polygon_ablations,polygon_struct_vertex,2,image_presence/precision,,100.0,%
polygon_ablations,polygon_struct_vertex,2,image_presence/recall,,93.33333333333333,%
polygon_ablations,polygon_struct_vertex,2,image_presence/F1,,96.55172413793103,%
polygon_ablations,polygon_struct_iou,0,COCO/bbox/AP,,46.52303911592883,%
polygon_ablations,polygon_struct_iou,0,COCO/bbox/AP50,,84.16560221206143,%
polygon_ablations,polygon_struct_iou,0,COCO/bbox/AP75,,46.42281622766626,%
polygon_ablations,polygon_struct_iou,0,COCO/keypoints/AP,,0.7382861243331644,%
polygon_ablations,polygon_struct_iou,0,COCO/keypoints/AP50,,2.93008717501674,%
polygon_ablations,polygon_struct_iou,0,COCO/keypoints/AP75,,0.03536067892503535,%
polygon_ablations,polygon_struct_iou,0,COCO/segm_polygon/AP,,15.893725497713584,%
polygon_ablations,polygon_struct_iou,0,COCO/segm_polygon/AP50,,57.5436700723145,%
polygon_ablations,polygon_struct_iou,0,COCO/segm_polygon/AP75,,2.316737670768576,%
polygon_ablations,polygon_struct_iou,0,detection/precision,segm,70.0,%
polygon_ablations,polygon_struct_iou,0,detection/recall,segm,54.78260869565217,%
polygon_ablations,polygon_struct_iou,0,detection/F1,segm,61.46341463414634,%
polygon_ablations,polygon_struct_iou,0,detection/score_threshold,segm,0.9412585496902466,confidence
polygon_ablations,polygon_struct_iou,0,image_presence/accuracy,,85.33333333333334,%
polygon_ablations,polygon_struct_iou,0,image_presence/precision,,100.0,%
polygon_ablations,polygon_struct_iou,0,image_presence/recall,,85.33333333333334,%
polygon_ablations,polygon_struct_iou,0,image_presence/F1,,92.0863309352518,%
polygon_ablations,polygon_struct_iou,1,COCO/bbox/AP,,50.491245426500974,%
polygon_ablations,polygon_struct_iou,1,COCO/bbox/AP50,,86.35536193297618,%
polygon_ablations,polygon_struct_iou,1,COCO/bbox/AP75,,56.53944235007816,%
polygon_ablations,polygon_struct_iou,1,COCO/keypoints/AP,,0.6507594494974678,%
polygon_ablations,polygon_struct_iou,1,COCO/keypoints/AP50,,3.0652010753048424,%
polygon_ablations,polygon_struct_iou,1,COCO/keypoints/AP75,,0.0,%
polygon_ablations,polygon_struct_iou,1,COCO/segm_polygon/AP,,17.654069211077577,%
polygon_ablations,polygon_struct_iou,1,COCO/segm_polygon/AP50,,57.62334563428767,%
polygon_ablations,polygon_struct_iou,1,COCO/segm_polygon/AP75,,7.219709191002657,%
polygon_ablations,polygon_struct_iou,1,detection/precision,segm,60.9375,%
polygon_ablations,polygon_struct_iou,1,detection/recall,segm,67.82608695652173,%
polygon_ablations,polygon_struct_iou,1,detection/F1,segm,64.19753086419753,%
polygon_ablations,polygon_struct_iou,1,detection/score_threshold,segm,0.8313117623329163,confidence
polygon_ablations,polygon_struct_iou,1,image_presence/accuracy,,97.33333333333334,%
polygon_ablations,polygon_struct_iou,1,image_presence/precision,,100.0,%
polygon_ablations,polygon_struct_iou,1,image_presence/recall,,97.33333333333334,%
polygon_ablations,polygon_struct_iou,1,image_presence/F1,,98.64864864864865,%
polygon_ablations,polygon_struct_iou,2,COCO/bbox/AP,,50.151467696551435,%
polygon_ablations,polygon_struct_iou,2,COCO/bbox/AP50,,85.64640774512885,%
polygon_ablations,polygon_struct_iou,2,COCO/bbox/AP75,,54.62773620058093,%
polygon_ablations,polygon_struct_iou,2,COCO/keypoints/AP,,0.5055451098648885,%
polygon_ablations,polygon_struct_iou,2,COCO/keypoints/AP50,,0.9679643100426195,%
polygon_ablations,polygon_struct_iou,2,COCO/keypoints/AP75,,0.20844189682126105,%
polygon_ablations,polygon_struct_iou,2,COCO/segm_polygon/AP,,19.904038117520166,%
polygon_ablations,polygon_struct_iou,2,COCO/segm_polygon/AP50,,58.585388093214455,%
polygon_ablations,polygon_struct_iou,2,COCO/segm_polygon/AP75,,8.063219367149214,%
polygon_ablations,polygon_struct_iou,2,detection/precision,segm,63.63636363636363,%
polygon_ablations,polygon_struct_iou,2,detection/recall,segm,66.95652173913044,%
polygon_ablations,polygon_struct_iou,2,detection/F1,segm,65.25423728813558,%
polygon_ablations,polygon_struct_iou,2,detection/score_threshold,segm,0.8398204445838928,confidence
polygon_ablations,polygon_struct_iou,2,image_presence/accuracy,,96.0,%
polygon_ablations,polygon_struct_iou,2,image_presence/precision,,100.0,%
polygon_ablations,polygon_struct_iou,2,image_presence/recall,,96.0,%
polygon_ablations,polygon_struct_iou,2,image_presence/F1,,97.95918367346938,%
polygon_ablations,polygon_struct_iou_area,0,COCO/bbox/AP,,50.08492327522994,%
polygon_ablations,polygon_struct_iou_area,0,COCO/bbox/AP50,,87.06514183381735,%
polygon_ablations,polygon_struct_iou_area,0,COCO/bbox/AP75,,52.47594574451264,%
polygon_ablations,polygon_struct_iou_area,0,COCO/keypoints/AP,,0.08729752285573385,%
polygon_ablations,polygon_struct_iou_area,0,COCO/keypoints/AP50,,0.6731827028856732,%
polygon_ablations,polygon_struct_iou_area,0,COCO/keypoints/AP75,,0.0165016501650165,%
polygon_ablations,polygon_struct_iou_area,0,COCO/segm_polygon/AP,,18.26819283444432,%
polygon_ablations,polygon_struct_iou_area,0,COCO/segm_polygon/AP50,,56.85819523833575,%
polygon_ablations,polygon_struct_iou_area,0,COCO/segm_polygon/AP75,,3.141141345255807,%
polygon_ablations,polygon_struct_iou_area,0,detection/precision,segm,62.5,%
polygon_ablations,polygon_struct_iou_area,0,detection/recall,segm,65.21739130434783,%
polygon_ablations,polygon_struct_iou_area,0,detection/F1,segm,63.829787234042556,%
polygon_ablations,polygon_struct_iou_area,0,detection/score_threshold,segm,0.8652828335762024,confidence
polygon_ablations,polygon_struct_iou_area,0,image_presence/accuracy,,96.0,%
polygon_ablations,polygon_struct_iou_area,0,image_presence/precision,,100.0,%
polygon_ablations,polygon_struct_iou_area,0,image_presence/recall,,96.0,%
polygon_ablations,polygon_struct_iou_area,0,image_presence/F1,,97.95918367346938,%
polygon_ablations,polygon_struct_iou_area,1,COCO/bbox/AP,,50.690652114382,%
polygon_ablations,polygon_struct_iou_area,1,COCO/bbox/AP50,,86.5313310681751,%
polygon_ablations,polygon_struct_iou_area,1,COCO/bbox/AP75,,52.691495173385086,%
polygon_ablations,polygon_struct_iou_area,1,COCO/keypoints/AP,,1.1404910660816225,%
polygon_ablations,polygon_struct_iou_area,1,COCO/keypoints/AP50,,2.8636899547288315,%
polygon_ablations,polygon_struct_iou_area,1,COCO/keypoints/AP75,,0.0,%
polygon_ablations,polygon_struct_iou_area,1,COCO/segm_polygon/AP,,19.267553716229305,%
polygon_ablations,polygon_struct_iou_area,1,COCO/segm_polygon/AP50,,60.343303712874615,%
polygon_ablations,polygon_struct_iou_area,1,COCO/segm_polygon/AP75,,5.273356867499475,%
polygon_ablations,polygon_struct_iou_area,1,detection/precision,segm,62.20472440944882,%
polygon_ablations,polygon_struct_iou_area,1,detection/recall,segm,68.69565217391305,%
polygon_ablations,polygon_struct_iou_area,1,detection/F1,segm,65.28925619834712,%
polygon_ablations,polygon_struct_iou_area,1,detection/score_threshold,segm,0.8398827910423279,confidence
polygon_ablations,polygon_struct_iou_area,1,image_presence/accuracy,,97.33333333333334,%
polygon_ablations,polygon_struct_iou_area,1,image_presence/precision,,100.0,%
polygon_ablations,polygon_struct_iou_area,1,image_presence/recall,,97.33333333333334,%
polygon_ablations,polygon_struct_iou_area,1,image_presence/F1,,98.64864864864865,%
polygon_ablations,polygon_struct_iou_area,2,COCO/bbox/AP,,51.2012623199124,%
polygon_ablations,polygon_struct_iou_area,2,COCO/bbox/AP50,,87.27701683953983,%
polygon_ablations,polygon_struct_iou_area,2,COCO/bbox/AP75,,55.05340886952009,%
polygon_ablations,polygon_struct_iou_area,2,COCO/keypoints/AP,,0.9601846884195807,%
polygon_ablations,polygon_struct_iou_area,2,COCO/keypoints/AP50,,1.6928416979628997,%
polygon_ablations,polygon_struct_iou_area,2,COCO/keypoints/AP75,,1.4144271570014142,%
polygon_ablations,polygon_struct_iou_area,2,COCO/segm_polygon/AP,,22.910480243405125,%
polygon_ablations,polygon_struct_iou_area,2,COCO/segm_polygon/AP50,,63.0325818965064,%
polygon_ablations,polygon_struct_iou_area,2,COCO/segm_polygon/AP75,,7.35134891464331,%
polygon_ablations,polygon_struct_iou_area,2,detection/precision,segm,67.22689075630252,%
polygon_ablations,polygon_struct_iou_area,2,detection/recall,segm,69.56521739130434,%
polygon_ablations,polygon_struct_iou_area,2,detection/F1,segm,68.37606837606837,%
polygon_ablations,polygon_struct_iou_area,2,detection/score_threshold,segm,0.8642024993896484,confidence
polygon_ablations,polygon_struct_iou_area,2,image_presence/accuracy,,97.33333333333334,%
polygon_ablations,polygon_struct_iou_area,2,image_presence/precision,,100.0,%
polygon_ablations,polygon_struct_iou_area,2,image_presence/recall,,97.33333333333334,%
polygon_ablations,polygon_struct_iou_area,2,image_presence/F1,,98.64864864864865,%
