suite,method,metric,task,mean,std_sample,unit,values_by_seed
baselines,mask_bbox,COCO/bbox/AP,,56.11627531593317,1.7415693546715503,%,"[56.946022184778165, 54.114989603014784, 57.28781416000657]"
baselines,mask_bbox,COCO/bbox/AP50,,91.22705885570207,2.01314800088213,%,"[93.03217113720143, 89.05606189574132, 91.59294353416347]"
baselines,mask_bbox,COCO/bbox/AP75,,59.88864430776488,4.131558688737388,%,"[57.03672059144035, 58.00255611562889, 64.6266562162254]"
baselines,mask_bbox,COCO/segm/AP,,42.87992349684919,0.6984541420237392,%,"[42.23928310403737, 42.77595239728786, 43.62453498922233]"
baselines,mask_bbox,COCO/segm/AP50,,86.1367538684075,0.9816321808690319,%,"[85.95576430436942, 85.25821107540705, 87.19628622544604]"
baselines,mask_bbox,COCO/segm/AP75,,35.97924649283667,1.0895125822157212,%,"[34.860425853395746, 37.03687157486062, 36.04044205025365]"
baselines,mask_bbox,detection/F1,segm,83.47473713976406,1.1510835168450206,%,"[84.71615720524017, 82.44274809160305, 83.26530612244896]"
baselines,mask_bbox,detection/precision,segm,79.0062151716287,5.828285468342062,%,"[85.08771929824562, 73.46938775510205, 78.46153846153847]"
baselines,mask_bbox,detection/recall,segm,88.98550724637681,4.7891917802487844,%,"[84.34782608695653, 93.91304347826087, 88.69565217391305]"
baselines,mask_bbox,detection/score_threshold,segm,0.6696438789367676,0.09917675964080003,confidence,"[0.7820492386817932, 0.5944726467132568, 0.6324097514152527]"
baselines,mask_bbox,image_presence/F1,,98.86927744070601,1.0381428695377124,%,"[97.95918367346938, 100.0, 98.64864864864865]"
baselines,mask_bbox,image_presence/accuracy,,97.77777777777779,2.0367003088692637,%,"[96.0, 100.0, 97.33333333333334]"
baselines,mask_bbox,image_presence/precision,,100.0,0.0,%,"[100.0, 100.0, 100.0]"
baselines,mask_bbox,image_presence/recall,,97.77777777777779,2.0367003088692637,%,"[96.0, 100.0, 97.33333333333334]"
baselines,faster_bbox,COCO/bbox/AP,,52.36518787078268,2.3829157533042604,%,"[52.334312604278885, 49.997859773673255, 54.76339123439591]"
baselines,faster_bbox,COCO/bbox/AP50,,87.9530682073695,1.7214646880636097,%,"[86.52376505027706, 87.47136698005362, 89.86407259177783]"
baselines,faster_bbox,COCO/bbox/AP75,,55.05030689523668,4.232226341123086,%,"[55.780046968349986, 50.50066095407468, 58.87021276328539]"
baselines,faster_bbox,detection/F1,bbox,84.33421598133145,0.4115884679214745,%,"[83.89830508474576, 84.71615720524017, 84.38818565400844]"
baselines,faster_bbox,detection/precision,bbox,82.95770474372718,1.84615115407292,%,"[81.81818181818183, 85.08771929824562, 81.9672131147541]"
baselines,faster_bbox,detection/recall,bbox,85.79710144927536,1.3282828101321258,%,"[86.08695652173914, 84.34782608695653, 86.95652173913044]"
baselines,faster_bbox,detection/score_threshold,bbox,0.7416970332463583,0.0846629892664291,confidence,"[0.6616687774658203, 0.8303365707397461, 0.7330857515335083]"
baselines,faster_bbox,image_presence/F1,,97.9560354315736,0.6941926921551975,%,"[98.64864864864865, 97.95918367346938, 97.26027397260273]"
baselines,faster_bbox,image_presence/accuracy,,96.0,1.3333333333333364,%,"[97.33333333333334, 96.0, 94.66666666666667]"
baselines,faster_bbox,image_presence/precision,,100.0,0.0,%,"[100.0, 100.0, 100.0]"
baselines,faster_bbox,image_presence/recall,,96.0,1.3333333333333364,%,"[97.33333333333334, 96.0, 94.66666666666667]"
baselines,polygon_legacy,COCO/bbox/AP,,49.701859203738046,2.702399450794841,%,"[51.33375666676033, 46.58251172379181, 51.18930922066198]"
baselines,polygon_legacy,COCO/bbox/AP50,,84.671860151326,1.6652477258532492,%,"[86.24452615331303, 82.92735638105124, 84.84369791961373]"
baselines,polygon_legacy,COCO/bbox/AP75,,50.59697093973256,4.278146867787952,%,"[52.85566799506402, 45.66285483289177, 53.27238999124187]"
baselines,polygon_legacy,COCO/keypoints/AP,,0.0031691431024004377,0.0016867162226976665,%,"[0.004659289458357601, 0.001337971635001338, 0.003510168213842373]"
baselines,polygon_legacy,COCO/keypoints/AP50,,0.015757064478106084,0.005683529024091408,%,"[0.011648223645894, 0.01337971635001338, 0.02224325343841087]"
baselines,polygon_legacy,COCO/keypoints/AP75,,0.0,0.0,%,"[0.0, 0.0, 0.0]"
baselines,polygon_legacy,COCO/segm_polygon/AP,,14.357845672984304,0.7267769160655975,%,"[14.906155321173491, 13.53348899229269, 14.633892705486732]"
baselines,polygon_legacy,COCO/segm_polygon/AP50,,52.86332671549186,0.702282038393786,%,"[53.624268365637484, 52.2401092833248, 52.72560249751328]"
baselines,polygon_legacy,COCO/segm_polygon/AP75,,1.631404074828275,0.43821936395671635,%,"[1.9030920341038968, 1.8652565254344076, 1.1258636649465203]"
baselines,polygon_legacy,detection/F1,segm,60.35890581840862,2.3537507043272137,%,"[61.33333333333334, 57.67441860465116, 62.068965517241395]"
baselines,polygon_legacy,detection/precision,segm,62.088578088578096,0.5993351057570211,%,"[62.727272727272734, 62.0, 61.53846153846154]"
baselines,polygon_legacy,detection/recall,segm,58.84057971014492,4.462262121258162,%,"[60.0, 53.91304347826087, 62.60869565217392]"
baselines,polygon_legacy,detection/score_threshold,segm,0.8587698936462402,0.027073282308536208,confidence,"[0.8412753343582153, 0.889954149723053, 0.8450801968574524]"
baselines,polygon_legacy,image_presence/F1,,96.77478425032241,1.4877889672273223,%,"[97.26027397260273, 95.10489510489509, 97.95918367346938]"
baselines,polygon_legacy,image_presence/accuracy,,93.77777777777779,2.7755546659548447,%,"[94.66666666666667, 90.66666666666666, 96.0]"
baselines,polygon_legacy,image_presence/precision,,100.0,0.0,%,"[100.0, 100.0, 100.0]"
baselines,polygon_legacy,image_presence/recall,,93.77777777777779,2.7755546659548447,%,"[94.66666666666667, 90.66666666666666, 96.0]"
baselines,yolo11n_bbox,COCO/bbox/AP,,55.86225166297169,0.9879959812474015,%,"[54.72467760560434, 56.505738135860895, 56.35633924744982]"
baselines,yolo11n_bbox,COCO/bbox/AP50,,85.26114311591806,2.1388135696666297,%,"[87.05232044573464, 85.8380646600248, 82.89304424199474]"
baselines,yolo11n_bbox,COCO/bbox/AP75,,59.38995976364553,2.6645143902091277,%,"[57.55755697838717, 58.165749522951685, 62.446572789597745]"
baselines,yolo11n_bbox,detection/F1,bbox,80.44805649407968,3.6311859228942547,%,"[83.40425531914893, 81.54506437768241, 76.39484978540771]"
baselines,yolo11n_bbox,detection/precision,bbox,79.19962335216573,3.3209015198544964,%,"[81.66666666666667, 80.50847457627118, 75.42372881355932]"
baselines,yolo11n_bbox,detection/recall,bbox,81.73913043478261,3.984848430396383,%,"[85.21739130434783, 82.6086956521739, 77.39130434782608]"
baselines,yolo11n_bbox,detection/score_threshold,bbox,0.3833167652289073,0.035779829694351444,confidence,"[0.41429856419563293, 0.39149636030197144, 0.34415537118911743]"
baselines,yolo11n_bbox,image_presence/F1,,98.64556379417357,0.684842904349655,%,"[98.64864864864865, 99.32885906040269, 97.95918367346938]"
baselines,yolo11n_bbox,image_presence/accuracy,,97.33333333333333,1.3333333333333364,%,"[97.33333333333334, 98.66666666666667, 96.0]"
baselines,yolo11n_bbox,image_presence/precision,,100.0,0.0,%,"[100.0, 100.0, 100.0]"
baselines,yolo11n_bbox,image_presence/recall,,97.33333333333333,1.3333333333333364,%,"[97.33333333333334, 98.66666666666667, 96.0]"
polygon_ablations,polygon_center_vertex,COCO/bbox/AP,,49.44617991758645,2.790806185907897,%,"[50.74911097601592, 46.2421907038515, 51.34723807289194]"
polygon_ablations,polygon_center_vertex,COCO/bbox/AP50,,84.23212646531833,1.6031081667912292,%,"[86.03409974946136, 82.96422701772099, 83.69805262877267]"
polygon_ablations,polygon_center_vertex,COCO/bbox/AP75,,48.783857435205164,3.8531802514436695,%,"[49.87776531638215, 44.50199757736258, 51.97180941187077]"
polygon_ablations,polygon_center_vertex,COCO/keypoints/AP,,0.0031655214948860763,0.0016561843112044543,%,"[0.0033753375337533752, 0.0014144271570014145, 0.004706799793903441]"
polygon_ablations,polygon_center_vertex,COCO/keypoints/AP50,,0.015576391876680135,0.005191647476351103,%,"[0.011251125112511253, 0.014144271570014143, 0.021333778947515005]"
polygon_ablations,polygon_center_vertex,COCO/keypoints/AP75,,0.0,0.0,%,"[0.0, 0.0, 0.0]"
polygon_ablations,polygon_center_vertex,COCO/segm_polygon/AP,,14.62784879409225,1.0084372943774689,%,"[14.602657256001859, 13.632243285367066, 15.648645840907829]"
polygon_ablations,polygon_center_vertex,COCO/segm_polygon/AP50,,52.16466921007004,3.6512086942256414,%,"[51.52430321878113, 48.87600564806075, 56.09369876336825]"
polygon_ablations,polygon_center_vertex,COCO/segm_polygon/AP75,,1.6609999844702454,0.4255269782486129,%,"[1.5159600739226475, 1.326954105617941, 2.1400857738701475]"
polygon_ablations,polygon_center_vertex,detection/F1,segm,59.713993678185105,3.887019577488756,%,"[58.6046511627907, 56.502242152466366, 64.03508771929825]"
polygon_ablations,polygon_center_vertex,detection/precision,segm,61.978367748279254,3.2567044119716044,%,"[63.0, 58.333333333333336, 64.60176991150442]"
polygon_ablations,polygon_center_vertex,detection/recall,segm,57.68115942028985,5.020437123388053,%,"[54.78260869565217, 54.78260869565217, 63.47826086956522]"
polygon_ablations,polygon_center_vertex,detection/score_threshold,segm,0.8657803535461426,0.0023864931348513848,confidence,"[0.8636647462844849, 0.8683673739433289, 0.865308940410614]"
polygon_ablations,polygon_center_vertex,image_presence/F1,,96.30563107180961,1.0985608147639998,%,"[95.10489510489509, 96.55172413793103, 97.26027397260273]"
polygon_ablations,polygon_center_vertex,image_presence/accuracy,,92.88888888888889,2.0367003088692646,%,"[90.66666666666666, 93.33333333333333, 94.66666666666667]"
polygon_ablations,polygon_center_vertex,image_presence/precision,,100.0,0.0,%,"[100.0, 100.0, 100.0]"
polygon_ablations,polygon_center_vertex,image_presence/recall,,92.88888888888889,2.0367003088692646,%,"[90.66666666666666, 93.33333333333333, 94.66666666666667]"
polygon_ablations,polygon_struct_vertex,COCO/bbox/AP,,50.0977739011752,1.5029219127217515,%,"[51.39133623597617, 50.45288925549111, 48.44909621205832]"
polygon_ablations,polygon_struct_vertex,COCO/bbox/AP50,,85.0281285582402,0.17119369573793958,%,"[85.08158171214029, 84.83658586644086, 85.16621809613943]"
polygon_ablations,polygon_struct_vertex,COCO/bbox/AP75,,53.1583908070963,2.1130232397959254,%,"[55.59312011603681, 51.80341399452493, 52.07863831072718]"
polygon_ablations,polygon_struct_vertex,COCO/keypoints/AP,,0.14399099263072507,0.08600288250360999,%,"[0.23805878476489845, 0.12452399086062452, 0.06939020226665223]"
polygon_ablations,polygon_struct_vertex,COCO/keypoints/AP50,,0.749588126071182,0.4884588233909209,%,"[1.312212192879207, 0.5026656511805027, 0.43388653415383593]"
polygon_ablations,polygon_struct_vertex,COCO/keypoints/AP75,,0.0,0.0,%,"[0.0, 0.0, 0.0]"
polygon_ablations,polygon_struct_vertex,COCO/segm_polygon/AP,,18.570442101680346,1.5351791298271624,%,"[20.25830635001611, 18.195669513330877, 17.257350441694054]"
polygon_ablations,polygon_struct_vertex,COCO/segm_polygon/AP50,,57.97642983435992,2.4303455666173543,%,"[60.50297758524435, 57.77098246645676, 55.65532945137866]"
polygon_ablations,polygon_struct_vertex,COCO/segm_polygon/AP75,,2.0800675167811136,1.0948744155731607,%,"[3.3402318083512297, 1.537959540872, 1.362011201120112]"
polygon_ablations,polygon_struct_vertex,detection/F1,segm,64.0176343787204,2.2990279956119855,%,"[64.43514644351464, 66.07929515418502, 61.53846153846154]"
polygon_ablations,polygon_struct_vertex,detection/precision,segm,63.18842052950212,3.365551993720754,%,"[62.096774193548384, 66.96428571428571, 60.50420168067227]"
polygon_ablations,polygon_struct_vertex,detection/recall,segm,64.92753623188405,2.188357807324853,%,"[66.95652173913044, 65.21739130434783, 62.60869565217392]"
polygon_ablations,polygon_struct_vertex,detection/score_threshold,segm,0.8358198801676432,0.0646295953737048,confidence,"[0.8022758960723877, 0.91032475233078, 0.794858992099762]"
polygon_ablations,polygon_struct_vertex,image_presence/F1,,97.01123537330434,1.462827061801212,%,"[98.64864864864865, 95.83333333333334, 96.55172413793103]"
polygon_ablations,polygon_struct_vertex,image_presence/accuracy,,94.22222222222224,2.775554665954845,%,"[97.33333333333334, 92.0, 93.33333333333333]"
polygon_ablations,polygon_struct_vertex,image_presence/precision,,100.0,0.0,%,"[100.0, 100.0, 100.0]"
polygon_ablations,polygon_struct_vertex,image_presence/recall,,94.22222222222224,2.775554665954845,%,"[97.33333333333334, 92.0, 93.33333333333333]"
polygon_ablations,polygon_struct_iou,COCO/bbox/AP,,49.05525074632708,2.1995304117664602,%,"[46.52303911592883, 50.491245426500974, 50.151467696551435]"
polygon_ablations,polygon_struct_iou,COCO/bbox/AP50,,85.38912396338883,1.1173218502718907,%,"[84.16560221206143, 86.35536193297618, 85.64640774512885]"
polygon_ablations,polygon_struct_iou,COCO/bbox/AP75,,52.52999825944178,5.374654349578003,%,"[46.42281622766626, 56.53944235007816, 54.62773620058093]"
polygon_ablations,polygon_struct_iou,COCO/keypoints/AP,,0.6315302278985069,0.11755601718502975,%,"[0.7382861243331644, 0.6507594494974678, 0.5055451098648885]"
polygon_ablations,polygon_struct_iou,COCO/keypoints/AP50,,2.321084186788067,1.1737819184778227,%,"[2.93008717501674, 3.0652010753048424, 0.9679643100426195]"
polygon_ablations,polygon_struct_iou,COCO/keypoints/AP75,,0.08126752524876547,0.11154633562853707,%,"[0.03536067892503535, 0.0, 0.20844189682126105]"
polygon_ablations,polygon_struct_iou,COCO/segm_polygon/AP,,17.817277608770443,2.010131727761414,%,"[15.893725497713584, 17.654069211077577, 19.904038117520166]"
polygon_ablations,polygon_struct_iou,COCO/segm_polygon/AP50,,57.917467933272206,0.5798060484652535,%,"[57.5436700723145, 57.62334563428767, 58.585388093214455]"
polygon_ablations,polygon_struct_iou,COCO/segm_polygon/AP75,,5.866555409640149,3.103027850136245,%,"[2.316737670768576, 7.219709191002657, 8.063219367149214]"
polygon_ablations,polygon_struct_iou,detection/F1,segm,63.638394262159814,1.9562871474564318,%,"[61.46341463414634, 64.19753086419753, 65.25423728813558]"
polygon_ablations,polygon_struct_iou,detection/precision,segm,64.85795454545455,4.6531107685482995,%,"[70.0, 60.9375, 63.63636363636363]"
polygon_ablations,polygon_struct_iou,detection/recall,segm,63.18840579710145,7.292606159657467,%,"[54.78260869565217, 67.82608695652173, 66.95652173913044]"
polygon_ablations,polygon_struct_iou,detection/score_threshold,segm,0.8707969188690186,0.061169685971911726,confidence,"[0.9412585496902466, 0.8313117623329163, 0.8398204445838928]"
polygon_ablations,polygon_struct_iou,image_presence/F1,,96.23138775245663,3.606239384926053,%,"[92.0863309352518, 98.64864864864865, 97.95918367346938]"
polygon_ablations,polygon_struct_iou,image_presence/accuracy,,92.88888888888889,6.577177149754994,%,"[85.33333333333334, 97.33333333333334, 96.0]"
polygon_ablations,polygon_struct_iou,image_presence/precision,,100.0,0.0,%,"[100.0, 100.0, 100.0]"
polygon_ablations,polygon_struct_iou,image_presence/recall,,92.88888888888889,6.577177149754994,%,"[85.33333333333334, 97.33333333333334, 96.0]"
polygon_ablations,polygon_struct_iou_area,COCO/bbox/AP,,50.658945903174775,0.5588445030081942,%,"[50.08492327522994, 50.690652114382, 51.2012623199124]"
polygon_ablations,polygon_struct_iou_area,COCO/bbox/AP50,,86.9578299138441,0.3842508341307916,%,"[87.06514183381735, 86.5313310681751, 87.27701683953983]"
polygon_ablations,polygon_struct_iou_area,COCO/bbox/AP75,,53.40694992913927,1.4299425410979816,%,"[52.47594574451264, 52.691495173385086, 55.05340886952009]"
polygon_ablations,polygon_struct_iou_area,COCO/keypoints/AP,,0.7293244257856456,0.5632730292857385,%,"[0.08729752285573385, 1.1404910660816225, 0.9601846884195807]"
polygon_ablations,polygon_struct_iou_area,COCO/keypoints/AP50,,1.7432381185258015,1.0961228738141227,%,"[0.6731827028856732, 2.8636899547288315, 1.6928416979628997]"
polygon_ablations,polygon_struct_iou_area,COCO/keypoints/AP75,,0.4769762690554769,0.8118982088892128,%,"[0.0165016501650165, 0.0, 1.4144271570014142]"
polygon_ablations,polygon_struct_iou_area,COCO/segm_polygon/AP,,20.148742264692917,2.4433743144075493,%,"[18.26819283444432, 19.267553716229305, 22.910480243405125]"
polygon_ablations,polygon_struct_iou_area,COCO/segm_polygon/AP50,,60.078026949238925,3.0957295541023435,%,"[56.85819523833575, 60.343303712874615, 63.0325818965064]"
polygon_ablations,polygon_struct_iou_area,COCO/segm_polygon/AP75,,5.25528237579953,2.105161979461347,%,"[3.141141345255807, 5.273356867499475, 7.35134891464331]"
polygon_ablations,polygon_struct_iou_area,detection/F1,segm,65.83170393615269,2.3211753955211325,%,"[63.829787234042556, 65.28925619834712, 68.37606837606837]"
polygon_ablations,polygon_struct_iou_area,detection/precision,segm,63.97720505525045,2.8181802258391118,%,"[62.5, 62.20472440944882, 67.22689075630252]"
polygon_ablations,polygon_struct_iou_area,detection/recall,segm,67.82608695652173,2.3006533139692085,%,"[65.21739130434783, 68.69565217391305, 69.56521739130434]"
polygon_ablations,polygon_struct_iou_area,detection/score_threshold,segm,0.8564560413360596,0.014363016725697546,confidence,"[0.8652828335762024, 0.8398827910423279, 0.8642024993896484]"
polygon_ablations,polygon_struct_iou_area,image_presence/F1,,98.41882699025555,0.3980627890165678,%,"[97.95918367346938, 98.64864864864865, 98.64864864864865]"
polygon_ablations,polygon_struct_iou_area,image_presence/accuracy,,96.88888888888889,0.7698003589195059,%,"[96.0, 97.33333333333334, 97.33333333333334]"
polygon_ablations,polygon_struct_iou_area,image_presence/precision,,100.0,0.0,%,"[100.0, 100.0, 100.0]"
polygon_ablations,polygon_struct_iou_area,image_presence/recall,,96.88888888888889,0.7698003589195059,%,"[96.0, 97.33333333333334, 97.33333333333334]"
